use codeon_db;

insert into post_types (type) values ('mentorQuestion'), ('interviewQuestion'), ('jobListing');



insert into skills (skill) values ('Java'), ('HTML'), ('CSS'), ('JavaScript'), ('Thymeleaf'),
                                  ('MySql'), ('Git'), ('Ruby'), ('Python');

insert into users (id, bio, email, first_name, is_admin, is_alum, is_instructor, is_student, last_name, password, profile_image_url, resume_url, username) values (1, 'User-centric user-facing approach', 'trumford0@merriam-webster.com', 'Tonnie', false, true, true, false, 'Rumford', '607858b389ae3bed1408281d20a2ea82b3baf46c', 'http://dummyimage.com/100x221.bmp/ff4444/ffffff', 'http://dummyimage.com/227x175.bmp/ff4444/ffffff', 'trumford0');
insert into users (id, bio, email, first_name, is_admin, is_alum, is_instructor, is_student, last_name, password, profile_image_url, resume_url, username) values (2, 'User-centric static paradigm', 'amatteau1@joomla.org', 'Alicea', false, true, false, false, 'Matteau', '607858b389ae3bed1408281d20a2ea82b3baf46c', 'http://dummyimage.com/237x214.jpg/ff4444/ffffff', 'http://dummyimage.com/182x153.jpg/5fa2dd/ffffff', 'amatteau1');
insert into users (id, bio, email, first_name, is_admin, is_alum, is_instructor, is_student, last_name, password, profile_image_url, resume_url, username) values (3, 'Secured incremental Graphic Interface', 'vbalfour2@icio.us', 'Vincenty', false, true, false, true, 'Balfour', '607858b389ae3bed1408281d20a2ea82b3baf46c', 'http://dummyimage.com/101x204.jpg/dddddd/000000', 'http://dummyimage.com/233x227.bmp/ff4444/ffffff', 'vbalfour2');
insert into users (id, bio, email, first_name, is_admin, is_alum, is_instructor, is_student, last_name, password, profile_image_url, resume_url, username) values (4, 'Extended grid-enabled encryption', 'bfrances3@harvard.edu', 'Bartlett', false, true, false, false, 'Frances', '607858b389ae3bed1408281d20a2ea82b3baf46c', 'http://dummyimage.com/197x247.png/5fa2dd/ffffff', 'http://dummyimage.com/196x177.jpg/5fa2dd/ffffff', 'bfrances3');
insert into users (id, bio, email, first_name, is_admin, is_alum, is_instructor, is_student, last_name, password, profile_image_url, resume_url, username) values (5, 'De-engineered encompassing hierarchy', 'ddiggins4@github.com', 'Dewitt', false, true, false, false, 'Diggins', '607858b389ae3bed1408281d20a2ea82b3baf46c', 'http://dummyimage.com/123x233.bmp/ff4444/ffffff', 'http://dummyimage.com/119x223.png/5fa2dd/ffffff', 'ddiggins4');
insert into users (id, bio, email, first_name, is_admin, is_alum, is_instructor, is_student, last_name, password, profile_image_url, resume_url, username) values (6, 'Sharable full-range emulation', 'cshilladay5@shareasale.com', 'Carlotta', true, false, true, false, 'Shilladay', '607858b389ae3bed1408281d20a2ea82b3baf46c', 'http://dummyimage.com/145x123.bmp/5fa2dd/ffffff', 'http://dummyimage.com/147x120.jpg/cc0000/ffffff', 'cshilladay5');
insert into users (id, bio, email, first_name, is_admin, is_alum, is_instructor, is_student, last_name, password, profile_image_url, resume_url, username) values (7, 'Optimized explicit encoding', 'ndeane6@issuu.com', 'Nikolaus', true, false, false, false, 'Deane', '607858b389ae3bed1408281d20a2ea82b3baf46c', 'http://dummyimage.com/101x245.bmp/cc0000/ffffff', 'http://dummyimage.com/187x176.png/dddddd/000000', 'ndeane6');
insert into users (id, bio, email, first_name, is_admin, is_alum, is_instructor, is_student, last_name, password, profile_image_url, resume_url, username) values (8, 'Mandatory grid-enabled leverage', 'bdesremedios7@techcrunch.com', 'Blythe', false, true, false, true, 'des Remedios', '607858b389ae3bed1408281d20a2ea82b3baf46c', 'http://dummyimage.com/154x225.jpg/cc0000/ffffff', 'http://dummyimage.com/198x174.bmp/cc0000/ffffff', 'bdesremedios7');
insert into users (id, bio, email, first_name, is_admin, is_alum, is_instructor, is_student, last_name, password, profile_image_url, resume_url, username) values (9, 'Versatile encompassing synergy', 'fboon8@ning.com', 'Fraze', true, true, false, false, 'Boon', '607858b389ae3bed1408281d20a2ea82b3baf46c', 'http://dummyimage.com/113x173.bmp/dddddd/000000', 'http://dummyimage.com/146x238.png/5fa2dd/ffffff', 'fboon8');
insert into users (id, bio, email, first_name, is_admin, is_alum, is_instructor, is_student, last_name, password, profile_image_url, resume_url, username) values (10, 'Distributed systematic toolset', 'tfairbridge9@theatlantic.com', 'Tirrell', false, false, true, true, 'Fairbridge', '607858b389ae3bed1408281d20a2ea82b3baf46c', 'http://dummyimage.com/153x211.jpg/ff4444/ffffff', 'http://dummyimage.com/237x202.png/cc0000/ffffff', 'tfairbridge9');
insert into users (id, bio, email, first_name, is_admin, is_alum, is_instructor, is_student, last_name, password, profile_image_url, resume_url, username) values (11, 'Multi-channelled real-time contingency', 'cmelonbya@fc2.com', 'Christian', true, true, false, true, 'Melonby', '607858b389ae3bed1408281d20a2ea82b3baf46c', 'http://dummyimage.com/156x212.bmp/ff4444/ffffff', 'http://dummyimage.com/156x144.bmp/ff4444/ffffff', 'cmelonbya');
insert into users (id, bio, email, first_name, is_admin, is_alum, is_instructor, is_student, last_name, password, profile_image_url, resume_url, username) values (12, 'Synchronised human-resource contingency', 'sgronewayb@narod.ru', 'Sharity', true, true, false, true, 'Groneway', '607858b389ae3bed1408281d20a2ea82b3baf46c', 'http://dummyimage.com/183x153.bmp/cc0000/ffffff', 'http://dummyimage.com/149x148.png/ff4444/ffffff', 'sgronewayb');
insert into users (id, bio, email, first_name, is_admin, is_alum, is_instructor, is_student, last_name, password, profile_image_url, resume_url, username) values (13, 'Sharable context-sensitive application', 'aleavesleyc@jalbum.net', 'Ad', true, false, false, false, 'Leavesley', '607858b389ae3bed1408281d20a2ea82b3baf46c', 'http://dummyimage.com/194x136.png/5fa2dd/ffffff', 'http://dummyimage.com/197x181.png/cc0000/ffffff', 'aleavesleyc');
insert into users (id, bio, email, first_name, is_admin, is_alum, is_instructor, is_student, last_name, password, profile_image_url, resume_url, username) values (14, 'Assimilated object-oriented infrastructure', 'grudsdelld@timesonline.co.uk', 'Gabie', true, false, true, true, 'Rudsdell', '607858b389ae3bed1408281d20a2ea82b3baf46c', 'http://dummyimage.com/210x194.png/ff4444/ffffff', 'http://dummyimage.com/229x124.png/cc0000/ffffff', 'grudsdelld');
insert into users (id, bio, email, first_name, is_admin, is_alum, is_instructor, is_student, last_name, password, profile_image_url, resume_url, username) values (15, 'Progressive dedicated throughput', 'mgillume@chronoengine.com', 'Mattias', true, false, true, false, 'Gillum', '607858b389ae3bed1408281d20a2ea82b3baf46c', 'http://dummyimage.com/218x154.jpg/ff4444/ffffff', 'http://dummyimage.com/200x175.jpg/dddddd/000000', 'mgillume');
insert into users (id, bio, email, first_name, is_admin, is_alum, is_instructor, is_student, last_name, password, profile_image_url, resume_url, username) values (16, 'Future-proofed foreground secured line', 'kgawkesf@huffingtonpost.com', 'Konrad', false, false, true, false, 'Gawkes', '607858b389ae3bed1408281d20a2ea82b3baf46c', 'http://dummyimage.com/108x111.png/dddddd/000000', 'http://dummyimage.com/171x104.jpg/dddddd/000000', 'kgawkesf');
insert into users (id, bio, email, first_name, is_admin, is_alum, is_instructor, is_student, last_name, password, profile_image_url, resume_url, username) values (17, 'Front-line well-modulated contingency', 'rlivingstong@livejournal.com', 'Rebecca', true, false, false, true, 'Livingston', '607858b389ae3bed1408281d20a2ea82b3baf46c', 'http://dummyimage.com/155x119.jpg/5fa2dd/ffffff', 'http://dummyimage.com/216x250.bmp/cc0000/ffffff', 'rlivingstong');
insert into users (id, bio, email, first_name, is_admin, is_alum, is_instructor, is_student, last_name, password, profile_image_url, resume_url, username) values (18, 'Integrated modular superstructure', 'bbollandsh@google.it', 'Bertina', false, true, false, true, 'Bollands', '607858b389ae3bed1408281d20a2ea82b3baf46c', 'http://dummyimage.com/162x146.bmp/5fa2dd/ffffff', 'http://dummyimage.com/134x136.bmp/5fa2dd/ffffff', 'bbollandsh');
insert into users (id, bio, email, first_name, is_admin, is_alum, is_instructor, is_student, last_name, password, profile_image_url, resume_url, username) values (19, 'Reduced non-volatile implementation', 'cheadingi@hatena.ne.jp', 'Caritta', true, true, false, true, 'Heading', '607858b389ae3bed1408281d20a2ea82b3baf46c', 'http://dummyimage.com/146x191.png/5fa2dd/ffffff', 'http://dummyimage.com/232x229.bmp/dddddd/000000', 'cheadingi');
insert into users (id, bio, email, first_name, is_admin, is_alum, is_instructor, is_student, last_name, password, profile_image_url, resume_url, username) values (20, 'Adaptive high-level system engine', 'rbackhousej@exblog.jp', 'Randi', true, false, true, false, 'Backhouse', '607858b389ae3bed1408281d20a2ea82b3baf46c', 'http://dummyimage.com/223x184.jpg/ff4444/ffffff', 'http://dummyimage.com/144x221.jpg/dddddd/000000', 'rbackhousej');
insert into users (id, bio, email, first_name, is_admin, is_alum, is_instructor, is_student, last_name, password, profile_image_url, resume_url, username) values (21, 'Organic homogeneous algorithm', 'ftraisek@sun.com', 'Ferdinand', false, false, false, false, 'Traise', '607858b389ae3bed1408281d20a2ea82b3baf46c', 'http://dummyimage.com/122x114.jpg/cc0000/ffffff', 'http://dummyimage.com/147x206.jpg/ff4444/ffffff', 'ftraisek');
insert into users (id, bio, email, first_name, is_admin, is_alum, is_instructor, is_student, last_name, password, profile_image_url, resume_url, username) values (22, 'Versatile client-server capability', 'mwestwaterl@booking.com', 'Milena', false, false, true, false, 'Westwater', '607858b389ae3bed1408281d20a2ea82b3baf46c', 'http://dummyimage.com/184x130.png/cc0000/ffffff', 'http://dummyimage.com/122x146.jpg/cc0000/ffffff', 'mwestwaterl');
insert into users (id, bio, email, first_name, is_admin, is_alum, is_instructor, is_student, last_name, password, profile_image_url, resume_url, username) values (23, 'Face to face heuristic definition', 'rdamrellm@mapy.cz', 'Rose', false, true, true, true, 'Damrell', '607858b389ae3bed1408281d20a2ea82b3baf46c', 'http://dummyimage.com/147x221.bmp/cc0000/ffffff', 'http://dummyimage.com/185x107.png/dddddd/000000', 'rdamrellm');
insert into users (id, bio, email, first_name, is_admin, is_alum, is_instructor, is_student, last_name, password, profile_image_url, resume_url, username) values (24, 'Quality-focused well-modulated customer loyalty', 'nparnabyn@deliciousdays.com', 'Nobe', false, true, true, false, 'Parnaby', '607858b389ae3bed1408281d20a2ea82b3baf46c', 'http://dummyimage.com/155x171.bmp/dddddd/000000', 'http://dummyimage.com/193x153.jpg/ff4444/ffffff', 'nparnabyn');
insert into users (id, bio, email, first_name, is_admin, is_alum, is_instructor, is_student, last_name, password, profile_image_url, resume_url, username) values (25, 'Robust leading edge capability', 'gwicklingo@ovh.net', 'Gwen', false, false, false, true, 'Wickling', '607858b389ae3bed1408281d20a2ea82b3baf46c', 'http://dummyimage.com/145x219.png/dddddd/000000', 'http://dummyimage.com/162x246.bmp/5fa2dd/ffffff', 'gwicklingo');
insert into users (id, bio, email, first_name, is_admin, is_alum, is_instructor, is_student, last_name, password, profile_image_url, resume_url, username) values (26, 'Front-line client-server algorithm', 'eklausenp@cpanel.net', 'Emalia', true, true, true, true, 'Klausen', '607858b389ae3bed1408281d20a2ea82b3baf46c', 'http://dummyimage.com/213x163.png/dddddd/000000', 'http://dummyimage.com/207x138.png/5fa2dd/ffffff', 'eklausenp');
insert into users (id, bio, email, first_name, is_admin, is_alum, is_instructor, is_student, last_name, password, profile_image_url, resume_url, username) values (27, 'Open-architected upward-trending frame', 'jgoldingayq@a8.net', 'Janis', true, true, false, true, 'Goldingay', '607858b389ae3bed1408281d20a2ea82b3baf46c', 'http://dummyimage.com/117x244.jpg/ff4444/ffffff', 'http://dummyimage.com/144x235.bmp/cc0000/ffffff', 'jgoldingayq');
insert into users (id, bio, email, first_name, is_admin, is_alum, is_instructor, is_student, last_name, password, profile_image_url, resume_url, username) values (28, 'Diverse attitude-oriented protocol', 'adondonr@rakuten.co.jp', 'Avery', false, true, true, true, 'Dondon', '607858b389ae3bed1408281d20a2ea82b3baf46c', 'http://dummyimage.com/176x141.jpg/cc0000/ffffff', 'http://dummyimage.com/120x155.jpg/ff4444/ffffff', 'adondonr');
insert into users (id, bio, email, first_name, is_admin, is_alum, is_instructor, is_student, last_name, password, profile_image_url, resume_url, username) values (29, 'Cross-group local benchmark', 'etrevess@imageshack.us', 'Emilio', false, false, true, true, 'Treves', '607858b389ae3bed1408281d20a2ea82b3baf46c', 'http://dummyimage.com/104x115.jpg/ff4444/ffffff', 'http://dummyimage.com/137x248.png/5fa2dd/ffffff', 'etrevess');
insert into users (id, bio, email, first_name, is_admin, is_alum, is_instructor, is_student, last_name, password, profile_image_url, resume_url, username) values (30, 'Down-sized real-time forecast', 'kbremeyert@msn.com', 'Kalie', false, true, true, true, 'Bremeyer', '607858b389ae3bed1408281d20a2ea82b3baf46c', 'http://dummyimage.com/244x248.jpg/cc0000/ffffff', 'http://dummyimage.com/113x192.png/dddddd/000000', 'kbremeyert');
insert into users (id, bio, email, first_name, is_admin, is_alum, is_instructor, is_student, last_name, password, profile_image_url, resume_url, username) values (31, 'Cross-platform optimizing workforce', 'cdoylendu@joomla.org', 'Chickie', true, false, true, false, 'Doylend', '607858b389ae3bed1408281d20a2ea82b3baf46c', 'http://dummyimage.com/206x100.png/ff4444/ffffff', 'http://dummyimage.com/131x218.jpg/dddddd/000000', 'cdoylendu');
insert into users (id, bio, email, first_name, is_admin, is_alum, is_instructor, is_student, last_name, password, profile_image_url, resume_url, username) values (32, 'Organic dynamic open system', 'fwanjekv@delicious.com', 'Forster', false, true, false, false, 'Wanjek', '607858b389ae3bed1408281d20a2ea82b3baf46c', 'http://dummyimage.com/164x134.bmp/5fa2dd/ffffff', 'http://dummyimage.com/206x243.bmp/cc0000/ffffff', 'fwanjekv');
insert into users (id, bio, email, first_name, is_admin, is_alum, is_instructor, is_student, last_name, password, profile_image_url, resume_url, username) values (33, 'Fully-configurable high-level open system', 'ssoonhousew@t-online.de', 'Suzette', false, false, true, false, 'Soonhouse', '607858b389ae3bed1408281d20a2ea82b3baf46c', 'http://dummyimage.com/247x245.png/cc0000/ffffff', 'http://dummyimage.com/110x125.bmp/5fa2dd/ffffff', 'ssoonhousew');
insert into users (id, bio, email, first_name, is_admin, is_alum, is_instructor, is_student, last_name, password, profile_image_url, resume_url, username) values (34, 'Virtual grid-enabled help-desk', 'ldaunayx@apple.com', 'Lindi', false, true, true, false, 'Daunay', '607858b389ae3bed1408281d20a2ea82b3baf46c', 'http://dummyimage.com/229x129.bmp/5fa2dd/ffffff', 'http://dummyimage.com/172x223.bmp/cc0000/ffffff', 'ldaunayx');
insert into users (id, bio, email, first_name, is_admin, is_alum, is_instructor, is_student, last_name, password, profile_image_url, resume_url, username) values (35, 'Integrated high-level parallelism', 'fmullochy@nationalgeographic.com', 'Fabiano', false, true, false, true, 'Mulloch', '607858b389ae3bed1408281d20a2ea82b3baf46c', 'http://dummyimage.com/164x114.bmp/ff4444/ffffff', 'http://dummyimage.com/193x142.bmp/ff4444/ffffff', 'fmullochy');
insert into users (id, bio, email, first_name, is_admin, is_alum, is_instructor, is_student, last_name, password, profile_image_url, resume_url, username) values (36, 'Proactive leading edge extranet', 'lpichanz@narod.ru', 'Leigh', false, false, false, false, 'Pichan', '607858b389ae3bed1408281d20a2ea82b3baf46c', 'http://dummyimage.com/143x215.jpg/ff4444/ffffff', 'http://dummyimage.com/133x236.bmp/5fa2dd/ffffff', 'lpichanz');
insert into users (id, bio, email, first_name, is_admin, is_alum, is_instructor, is_student, last_name, password, profile_image_url, resume_url, username) values (37, 'Decentralized composite workforce', 'dcummins10@theguardian.com', 'Dita', true, true, true, false, 'Cummins', '607858b389ae3bed1408281d20a2ea82b3baf46c', 'http://dummyimage.com/230x102.bmp/dddddd/000000', 'http://dummyimage.com/138x185.png/dddddd/000000', 'dcummins10');
insert into users (id, bio, email, first_name, is_admin, is_alum, is_instructor, is_student, last_name, password, profile_image_url, resume_url, username) values (38, 'Down-sized user-facing system engine', 'tdcruze11@unc.edu', 'Trevor', false, true, true, true, 'D''Cruze', '607858b389ae3bed1408281d20a2ea82b3baf46c', 'http://dummyimage.com/130x194.png/ff4444/ffffff', 'http://dummyimage.com/197x212.png/dddddd/000000', 'tdcruze11');
insert into users (id, bio, email, first_name, is_admin, is_alum, is_instructor, is_student, last_name, password, profile_image_url, resume_url, username) values (39, 'Re-contextualized secondary local area network', 'gkimmins12@economist.com', 'Gaven', true, true, true, true, 'Kimmins', '607858b389ae3bed1408281d20a2ea82b3baf46c', 'http://dummyimage.com/171x202.jpg/dddddd/000000', 'http://dummyimage.com/162x213.png/cc0000/ffffff', 'gkimmins12');
insert into users (id, bio, email, first_name, is_admin, is_alum, is_instructor, is_student, last_name, password, profile_image_url, resume_url, username) values (40, 'Versatile responsive synergy', 'lwille13@dagondesign.com', 'Lowe', true, false, true, false, 'Wille', '607858b389ae3bed1408281d20a2ea82b3baf46c', 'http://dummyimage.com/158x147.bmp/dddddd/000000', 'http://dummyimage.com/233x234.png/cc0000/ffffff', 'lwille13');
insert into users (id, bio, email, first_name, is_admin, is_alum, is_instructor, is_student, last_name, password, profile_image_url, resume_url, username) values (41, 'Cross-platform bifurcated access', 'hsilcocks14@slashdot.org', 'Hilliard', true, true, false, false, 'Silcocks', '607858b389ae3bed1408281d20a2ea82b3baf46c', 'http://dummyimage.com/186x211.bmp/cc0000/ffffff', 'http://dummyimage.com/245x208.png/5fa2dd/ffffff', 'hsilcocks14');
insert into users (id, bio, email, first_name, is_admin, is_alum, is_instructor, is_student, last_name, password, profile_image_url, resume_url, username) values (42, 'Synergistic tangible pricing structure', 'eboick15@uol.com.br', 'Emlen', true, false, false, false, 'Boick', '607858b389ae3bed1408281d20a2ea82b3baf46c', 'http://dummyimage.com/130x202.png/dddddd/000000', 'http://dummyimage.com/168x152.bmp/ff4444/ffffff', 'eboick15');
insert into users (id, bio, email, first_name, is_admin, is_alum, is_instructor, is_student, last_name, password, profile_image_url, resume_url, username) values (43, 'Organized even-keeled throughput', 'hsturdey16@studiopress.com', 'Hailey', false, true, false, false, 'Sturdey', '607858b389ae3bed1408281d20a2ea82b3baf46c', 'http://dummyimage.com/176x178.png/dddddd/000000', 'http://dummyimage.com/108x156.jpg/5fa2dd/ffffff', 'hsturdey16');
insert into users (id, bio, email, first_name, is_admin, is_alum, is_instructor, is_student, last_name, password, profile_image_url, resume_url, username) values (44, 'Public-key high-level website', 'alockhart17@bizjournals.com', 'Arlyn', true, false, false, true, 'Lockhart', '607858b389ae3bed1408281d20a2ea82b3baf46c', 'http://dummyimage.com/122x101.png/dddddd/000000', 'http://dummyimage.com/237x137.bmp/dddddd/000000', 'alockhart17');
insert into users (id, bio, email, first_name, is_admin, is_alum, is_instructor, is_student, last_name, password, profile_image_url, resume_url, username) values (45, 'Diverse motivating pricing structure', 'arany18@yale.edu', 'Aprilette', true, true, false, true, 'Rany', '607858b389ae3bed1408281d20a2ea82b3baf46c', 'http://dummyimage.com/222x223.png/ff4444/ffffff', 'http://dummyimage.com/173x169.bmp/cc0000/ffffff', 'arany18');
insert into users (id, bio, email, first_name, is_admin, is_alum, is_instructor, is_student, last_name, password, profile_image_url, resume_url, username) values (46, 'Cloned interactive software', 'jknox19@biglobe.ne.jp', 'Julina', false, false, false, true, 'Knox', '607858b389ae3bed1408281d20a2ea82b3baf46c', 'http://dummyimage.com/110x125.png/dddddd/000000', 'http://dummyimage.com/249x150.jpg/5fa2dd/ffffff', 'jknox19');
insert into users (id, bio, email, first_name, is_admin, is_alum, is_instructor, is_student, last_name, password, profile_image_url, resume_url, username) values (47, 'Expanded mobile hardware', 'vocollopy1a@macromedia.com', 'Vivie', true, true, true, false, 'O''Collopy', '607858b389ae3bed1408281d20a2ea82b3baf46c', 'http://dummyimage.com/146x122.jpg/dddddd/000000', 'http://dummyimage.com/201x103.jpg/ff4444/ffffff', 'vocollopy1a');
insert into users (id, bio, email, first_name, is_admin, is_alum, is_instructor, is_student, last_name, password, profile_image_url, resume_url, username) values (48, 'Monitored multi-state function', 'smckerrow1b@alibaba.com', 'Saidee', true, false, false, true, 'McKerrow', '607858b389ae3bed1408281d20a2ea82b3baf46c', 'http://dummyimage.com/125x176.bmp/ff4444/ffffff', 'http://dummyimage.com/234x134.png/cc0000/ffffff', 'smckerrow1b');
insert into users (id, bio, email, first_name, is_admin, is_alum, is_instructor, is_student, last_name, password, profile_image_url, resume_url, username) values (49, 'Multi-layered dedicated synergy', 'lleather1c@bigcartel.com', 'Lorens', true, false, false, false, 'Leather', '607858b389ae3bed1408281d20a2ea82b3baf46c', 'http://dummyimage.com/204x107.png/cc0000/ffffff', 'http://dummyimage.com/107x234.png/cc0000/ffffff', 'lleather1c');
insert into users (id, bio, email, first_name, is_admin, is_alum, is_instructor, is_student, last_name, password, profile_image_url, resume_url, username) values (50, 'Ergonomic cohesive parallelism', 'gpauling1d@dell.com', 'Gerri', false, true, false, false, 'Pauling', '607858b389ae3bed1408281d20a2ea82b3baf46c', 'http://dummyimage.com/107x102.png/5fa2dd/ffffff', 'http://dummyimage.com/149x106.jpg/cc0000/ffffff', 'gpauling1d');

insert into users_skills (user_id, skill_id) values (4, 8);
insert into users_skills (user_id, skill_id) values (7, 7);
insert into users_skills (user_id, skill_id) values (25, 3);
insert into users_skills (user_id, skill_id) values (3, 9);
insert into users_skills (user_id, skill_id) values (15, 8);
insert into users_skills (user_id, skill_id) values (25, 5);
insert into users_skills (user_id, skill_id) values (25, 1);
insert into users_skills (user_id, skill_id) values (5, 3);
insert into users_skills (user_id, skill_id) values (18, 5);
insert into users_skills (user_id, skill_id) values (13, 4);
insert into users_skills (user_id, skill_id) values (25, 6);
insert into users_skills (user_id, skill_id) values (18, 2);
insert into users_skills (user_id, skill_id) values (18, 2);
insert into users_skills (user_id, skill_id) values (5, 2);
insert into users_skills (user_id, skill_id) values (2, 6);
insert into users_skills (user_id, skill_id) values (8, 8);
insert into users_skills (user_id, skill_id) values (1, 2);
insert into users_skills (user_id, skill_id) values (23, 3);
insert into users_skills (user_id, skill_id) values (2, 7);
insert into users_skills (user_id, skill_id) values (11, 2);
insert into users_skills (user_id, skill_id) values (15, 1);
insert into users_skills (user_id, skill_id) values (9, 2);
insert into users_skills (user_id, skill_id) values (20, 9);

insert into posts (user_id, post_type_id, title, body, date_time, employer, rating_total) values (3, 1, 'Orcinus orca', 'Accounting', '10/13/2019', 'Lazz', 3);
insert into posts (user_id, post_type_id, title, body, date_time, employer, rating_total) values (6, 1, 'Ceratotherium simum', 'Training', '6/21/2019', null, 1);
insert into posts (user_id, post_type_id, title, body, date_time, employer, rating_total) values (12, 3,  'Junonia genoveua', 'Accounting', '10/4/2019', 'Wikizz', -3);
insert into posts (user_id, post_type_id, title, body, date_time, employer, rating_total) values (25, 2, 'Cynictis penicillata', 'Business Development', '4/8/2019', 'Twitterworks', 1);
insert into posts (user_id, post_type_id, title, body, date_time, employer, rating_total) values (2, 1, 'Terrapene carolina', 'Engineering', '5/25/2019', 'Twiyo', 0);
insert into posts (user_id, post_type_id, title, body, date_time, employer, rating_total) values (5, 3, 'Centrocercus urophasianus', 'Marketing', '10/2/2019', 'Aivee', 0);
insert into posts (user_id, post_type_id, title, body, date_time, employer, rating_total) values (17, 3,  'Dipodomys deserti', 'Legal', '7/17/2019', 'Divavu', 0);
insert into posts (user_id, post_type_id, title, body, date_time, employer, rating_total) values (19, 2, 'Chlidonias leucopterus', 'Training', '10/31/2019', 'Youbridge', 0);
insert into posts (user_id, post_type_id, title, body, date_time, employer, rating_total) values (10, 1, 'Upupa epops', 'Services', '4/25/2019', 'Gabvine', 0);
insert into posts (user_id, post_type_id, title, body, date_time, employer, rating_total) values (10, 2, 'Chionis alba', 'Human Resources', '5/25/2019', 'Wikivu', 0);
insert into posts (user_id, post_type_id, title, body, date_time, employer, rating_total) values (15, 3, 'Loris tardigratus', 'Services', '11/12/2019', null, 0);
insert into posts (user_id, post_type_id, title, body, date_time, employer, rating_total) values (6, 1, 'Theropithecus gelada', 'Accounting', '5/31/2019', 'Skidoo', 0);
insert into posts (user_id, post_type_id, title, body, date_time, employer, rating_total) values (22, 2, 'Ctenophorus ornatus', 'Marketing', '10/17/2019', 'Jabbersphere', 0);
insert into posts (user_id, post_type_id, title, body, date_time, employer, rating_total) values (20, 1, 'Upupa epops', 'Sales', '8/17/2019', 'Youbridge', 0);
insert into posts (user_id, post_type_id, title, body, date_time, employer, rating_total) values (2, 2, 'Milvago chimachima', 'Training', '5/11/2019', 'Fivespan', 0);
insert into posts (user_id, post_type_id, title, body, date_time, employer, rating_total) values (4, 3, 'Laniaurius atrococcineus', 'Human Resources', '4/15/2019', 'Twitterbridge', 0);
insert into posts (user_id, post_type_id, title, body, date_time, employer, rating_total) values (13, 1, 'Felis libyca', 'Business Development', '9/8/2019', null, 0);
insert into posts (user_id, post_type_id, title, body, date_time, employer, rating_total) values (26, 2, 'Falco mexicanus', 'Training', '4/7/2019', 'Zoonoodle', 0);
insert into posts (user_id, post_type_id, title, body, date_time, employer, rating_total) values (28, 2, 'Chordeiles minor', 'Sales', '4/2/2019', 'Yodoo', 0);
insert into posts (user_id, post_type_id, title, body, date_time, employer, rating_total) values (8, 3, 'Tamiasciurus hudsonicus', 'Accounting', '6/22/2019', 'Divanoodle', 0);
insert into posts (user_id, post_type_id, title, body, date_time, employer, rating_total) values (10, 2, 'Cervus duvauceli', 'Training', '3/9/2020', 'Devbug', 0);
insert into posts (user_id, post_type_id, title, body, date_time, employer, rating_total) values (14, 1, 'Gazella thompsonii', 'Research and Development', '4/5/2019', 'Avamm', 0);

insert into post_ratings (user_id, post_id, rating) values (1, 1, 1);
insert into post_ratings (user_id, post_id, rating) values (2, 1, 1);
insert into post_ratings (user_id, post_id, rating) values (3, 1, 1);
insert into post_ratings (user_id, post_id, rating) values (4, 2, 1);
insert into post_ratings (user_id, post_id, rating) values (5, 2, 0);
insert into post_ratings (user_id, post_id, rating) values (6, 2, 1);
insert into post_ratings (user_id, post_id, rating) values (7, 2, -1);
insert into post_ratings (user_id, post_id, rating) values (8, 3, -1);
insert into post_ratings (user_id, post_id, rating) values (9, 3, -1);
insert into post_ratings (user_id, post_id, rating) values (10, 3, -1);
insert into post_ratings (user_id, post_id, rating) values (11, 4, 0);
insert into post_ratings (user_id, post_id, rating) values (12, 4, -1);
insert into post_ratings (user_id, post_id, rating) values (13, 4, 1);
insert into post_ratings (user_id, post_id, rating) values (14, 4, 1);
insert into post_ratings (user_id, post_id, rating) values (10, 5, -1);
insert into post_ratings (user_id, post_id, rating) values (11, 5, 0);
insert into post_ratings (user_id, post_id, rating) values (12, 5, -1);
insert into post_ratings (user_id, post_id, rating) values (13, 5, 1);
insert into post_ratings (user_id, post_id, rating) values (14, 5, 1);


insert into post_comments (body, date_time, post_id, user_id) values ('Prestium Pharma, Inc.', '4/29/2019', 17, 13);
insert into post_comments (body, date_time, post_id, user_id) values ('McKesson Contract Packaging', '7/24/2019', 15, 2);
insert into post_comments (body, date_time, post_id, user_id) values ('Air Liquide Healthcare America Corporation', '2/22/2020', 17, 6);
insert into post_comments (body, date_time, post_id, user_id) values ('Mylan Pharmaceuticals Inc.', '9/25/2019', 15, 14);
insert into post_comments (body, date_time, post_id, user_id) values ('Mylan Pharmaceuticals Inc.', '2/4/2020', 6, 5);
insert into post_comments (body, date_time, post_id, user_id) values ('China Ningbo Shangge Cosmetic Technology Corp.', '12/2/2019', 10, 19);
insert into post_comments (body, date_time, post_id, user_id) values ('Church & Dwight Co., Inc.', '1/4/2020', 2, 19);
insert into post_comments (body, date_time, post_id, user_id) values ('Natural Health Supply', '10/23/2019', 9, 15);
insert into post_comments (body, date_time, post_id, user_id) values ('Guerlain', '5/14/2019', 20, 9);
insert into post_comments (body, date_time, post_id, user_id) values ('Physicians Total Care, Inc.', '1/18/2020', 12, 6);
insert into post_comments (body, date_time, post_id, user_id) values ('Unit Dose Services', '9/26/2019', 17, 18);
insert into post_comments (body, date_time, post_id, user_id) values ('ABC Compounding Co., Inc.', '12/21/2019', 5, 6);
insert into post_comments (body, date_time, post_id, user_id) values ('Virtus Pharmaceuticals', '9/7/2019', 9, 20);
insert into post_comments (body, date_time, post_id, user_id) values ('REMEDYREPACK INC.', '11/27/2019', 16, 16);
insert into post_comments (body, date_time, post_id, user_id) values ('Mylan Pharmaceuticals Inc.', '9/1/2019', 14, 11);
insert into post_comments (body, date_time, post_id, user_id) values ('BioActive Nutritional, Inc.', '7/29/2019', 20, 14);
insert into post_comments (body, date_time, post_id, user_id) values ('Nelco Laboratories, Inc.', '11/9/2019', 8, 7);
insert into post_comments (body, date_time, post_id, user_id) values ('Digestive Care, Inc.', '8/28/2019', 20, 2);
insert into post_comments (body, date_time, post_id, user_id) values ('Supervalu Inc', '3/28/2019', 13, 4);
insert into post_comments (body, date_time, post_id, user_id) values ('Enemeez Inc. DBA Summit Pharmaceuticals', '9/15/2019', 7, 13);
insert into post_comments (body, date_time, post_id, user_id) values ('ENERGIZER PERSONAL CARE, LLC', '10/1/2019', 12, 6);
insert into post_comments (body, date_time, post_id, user_id) values ('Natural Health Supply', '6/29/2019', 19, 17);
insert into post_comments (body, date_time, post_id, user_id) values ('McKesson', '10/28/2019', 3, 12);

insert into image_urls (post_id, url) values (16, 'http://dummyimage.com/115x178.png/ff4444/ffffff');
insert into image_urls (post_id, url) values (11, 'http://dummyimage.com/217x105.bmp/5fa2dd/ffffff');
insert into image_urls (post_id, url) values (16, 'http://dummyimage.com/214x212.jpg/ff4444/ffffff');
insert into image_urls (post_id, url) values (19, 'http://dummyimage.com/126x153.bmp/5fa2dd/ffffff');
insert into image_urls (post_id, url) values (19, 'http://dummyimage.com/242x182.jpg/ff4444/ffffff');
insert into image_urls (post_id, url) values (10, 'http://dummyimage.com/102x155.jpg/5fa2dd/ffffff');
insert into image_urls (post_id, url) values (20, 'http://dummyimage.com/152x163.png/5fa2dd/ffffff');
insert into image_urls (post_id, url) values (6, 'http://dummyimage.com/119x178.bmp/ff4444/ffffff');
insert into image_urls (post_id, url) values (3, 'http://dummyimage.com/108x120.jpg/dddddd/000000');
insert into image_urls (post_id, url) values (16, 'http://dummyimage.com/183x219.png/cc0000/ffffff');
insert into image_urls (post_id, url) values (5, 'http://dummyimage.com/156x170.png/dddddd/000000');
insert into image_urls (post_id, url) values (20, 'http://dummyimage.com/229x134.jpg/dddddd/000000');
insert into image_urls (post_id, url) values (17, 'http://dummyimage.com/185x230.png/dddddd/000000');
insert into image_urls (post_id, url) values (19, 'http://dummyimage.com/126x173.bmp/cc0000/ffffff');
insert into image_urls (post_id, url) values (4, 'http://dummyimage.com/104x153.bmp/dddddd/000000');
insert into image_urls (post_id, url) values (7, 'http://dummyimage.com/217x145.bmp/ff4444/ffffff');
insert into image_urls (post_id, url) values (5, 'http://dummyimage.com/201x142.png/5fa2dd/ffffff');
insert into image_urls (post_id, url) values (19, 'http://dummyimage.com/148x224.jpg/dddddd/000000');
insert into image_urls (post_id, url) values (17, 'http://dummyimage.com/159x214.jpg/dddddd/000000');
insert into image_urls (post_id, url) values (10, 'http://dummyimage.com/242x216.jpg/ff4444/ffffff');
insert into image_urls (post_id, url) values (9, 'http://dummyimage.com/183x200.bmp/dddddd/000000');
insert into image_urls (post_id, url) values (17, 'http://dummyimage.com/191x238.png/cc0000/ffffff');
insert into image_urls (post_id, url) values (20, 'http://dummyimage.com/203x237.jpg/ff4444/ffffff');